seq_name,n_frames,sbj_id,fps,motion_intent,object_name
s1/airplane_fly_1,1113,s1,120.0,fly,airplane
s1/airplane_lift,1726,s1,120.0,lift,airplane
s1/airplane_offhand_1,1176,s1,120.0,offhand,airplane
s1/airplane_pass_1,874,s1,120.0,pass,airplane
s1/alarmclock_lift,2040,s1,120.0,lift,alarmclock
s1/alarmclock_offhand_1,1082,s1,120.0,offhand,alarmclock
s1/alarmclock_pass_1,902,s1,120.0,pass,alarmclock
s1/alarmclock_see_1,1016,s1,120.0,see,alarmclock
s1/apple_eat_1,1378,s1,120.0,eat,apple
s1/apple_lift,2602,s1,120.0,lift,apple
s1/apple_offhand_1,1508,s1,120.0,offhand,apple
s1/apple_pass_1,708,s1,120.0,pass,apple
s1/banana_eat_1,1628,s1,120.0,eat,banana
s1/banana_lift,2310,s1,120.0,lift,banana
s1/banana_offhand_1,1231,s1,120.0,offhand,banana
s1/banana_pass_1,911,s1,120.0,pass,banana
s1/banana_peel_1,1448,s1,120.0,peel,banana
s1/banana_peel_2,1409,s1,120.0,peel,banana
s1/binoculars_lift,2914,s1,120.0,lift,binoculars
s1/binoculars_offhand_1,1645,s1,120.0,offhand,binoculars
s1/binoculars_pass_1,1105,s1,120.0,pass,binoculars
s1/binoculars_see_1,1883,s1,120.0,see,binoculars
s1/bowl_drink_1,1650,s1,120.0,drink,bowl
s1/bowl_drink_2,966,s1,120.0,drink,bowl
s1/bowl_lift,2708,s1,120.0,lift,bowl
s1/bowl_pass_1,619,s1,120.0,pass,bowl
s1/camera_browse_1,1292,s1,120.0,browse,camera
s1/camera_lift,2586,s1,120.0,lift,camera
s1/camera_offhand_1,1040,s1,120.0,offhand,camera
s1/camera_pass_1,810,s1,120.0,pass,camera
s1/camera_takepicture_1,1430,s1,120.0,takepicture,camera
s1/camera_takepicture_2,1722,s1,120.0,takepicture,camera
s1/camera_takepicture_3_Retake,1406,s1,120.0,takepicture,camera
s1/cubelarge_inspect_1,1864,s1,120.0,inspect,cubelarge
s1/cubelarge_lift,3300,s1,120.0,lift,cubelarge
s1/cubelarge_offhand_1,1505,s1,120.0,offhand,cubelarge
s1/cubelarge_pass_1,811,s1,120.0,pass,cubelarge
s1/cubemedium_inspect_1,1077,s1,120.0,inspect,cubemedium
s1/cubemedium_lift,2824,s1,120.0,lift,cubemedium
s1/cubemedium_offhand_1,1289,s1,120.0,offhand,cubemedium
s1/cubemedium_pass_1,1038,s1,120.0,pass,cubemedium
s1/cubesmall_inspect_1,1411,s1,120.0,inspect,cubesmall
s1/cubesmall_lift,3194,s1,120.0,lift,cubesmall
s1/cubesmall_offhand_1,1271,s1,120.0,offhand,cubesmall
s1/cubesmall_pass_1,1140,s1,120.0,pass,cubesmall
s1/cup_drink_1,1089,s1,120.0,drink,cup
s1/cup_drink_2,1377,s1,120.0,drink,cup
s1/cup_lift,3735,s1,120.0,lift,cup
s1/cup_pass_1,990,s1,120.0,pass,cup
s1/cup_pour_1,1204,s1,120.0,pour,cup
s1/cylinderlarge_inspect_1,1456,s1,120.0,inspect,cylinderlarge
s1/cylinderlarge_lift,3754,s1,120.0,lift,cylinderlarge
s1/cylinderlarge_offhand_1,1258,s1,120.0,offhand,cylinderlarge
s1/cylinderlarge_pass_1,963,s1,120.0,pass,cylinderlarge
s1/cylindermedium_inspect_1,1125,s1,120.0,inspect,cylindermedium
s1/cylindermedium_lift,2630,s1,120.0,lift,cylindermedium
s1/cylindermedium_offhand_1,1386,s1,120.0,offhand,cylindermedium
s1/cylindermedium_pass_1,870,s1,120.0,pass,cylindermedium
s1/cylindersmall_inspect_1,893,s1,120.0,inspect,cylindersmall
s1/cylindersmall_lift,1914,s1,120.0,lift,cylindersmall
s1/cylindersmall_offhand_1,998,s1,120.0,offhand,cylindersmall
s1/cylindersmall_pass_1,666,s1,120.0,pass,cylindersmall
s1/doorknob_use_1,1041,s1,120.0,use,doorknob
s1/doorknob_use_2,1022,s1,120.0,use,doorknob
s1/doorknob_use_fun_1,1496,s1,120.0,use,doorknob
s1/duck_inspect_1,984,s1,120.0,inspect,duck
s1/duck_lift,1980,s1,120.0,lift,duck
s1/duck_offhand_1,1011,s1,120.0,offhand,duck
s1/duck_offhand_2,1096,s1,120.0,offhand,duck
s1/duck_pass_1,874,s1,120.0,pass,duck
s1/elephant_inspect_1,1229,s1,120.0,inspect,elephant
s1/elephant_lift,2429,s1,120.0,lift,elephant
s1/elephant_offhand_1,1009,s1,120.0,offhand,elephant
s1/elephant_pass_1,903,s1,120.0,pass,elephant
s1/eyeglasses_clean_1,1746,s1,120.0,clean,eyeglasses
s1/eyeglasses_lift,2240,s1,120.0,lift,eyeglasses
s1/eyeglasses_offhand_1,1655,s1,120.0,offhand,eyeglasses
s1/eyeglasses_pass_1,1054,s1,120.0,pass,eyeglasses
s1/eyeglasses_wear_1,1505,s1,120.0,wear,eyeglasses
s1/flashlight_lift,1796,s1,120.0,lift,flashlight
s1/flashlight_offhand_1,1034,s1,120.0,offhand,flashlight
s1/flashlight_on_1,1440,s1,120.0,switchON,flashlight
s1/flashlight_on_2,1550,s1,120.0,switchON,flashlight
s1/flashlight_pass_1,1002,s1,120.0,pass,flashlight
s1/flute_lift,2002,s1,120.0,lift,flute
s1/flute_offhand_1,1085,s1,120.0,offhand,flute
s1/flute_pass_1,741,s1,120.0,pass,flute
s1/flute_play_1,1766,s1,120.0,play,flute
s1/fryingpan_cook_1,1380,s1,120.0,cook,fryingpan
s1/fryingpan_cook_2,932,s1,120.0,cook,fryingpan
s1/gamecontroller_lift,2992,s1,120.0,lift,gamecontroller
s1/gamecontroller_offhand_1,1204,s1,120.0,offhand,gamecontroller
s1/gamecontroller_play_1,2132,s1,120.0,play,gamecontroller
s1/hammer_pass_1,991,s1,120.0,pass,hammer
s1/hammer_use_1,1070,s1,120.0,use,hammer
s1/hammer_use_2,1633,s1,120.0,use,hammer
s1/hammer_use_3,1799,s1,120.0,use,hammer
s1/hand_inspect_1,1167,s1,120.0,inspect,hand
s1/hand_offhand_1,1255,s1,120.0,offhand,hand
s1/hand_pass_1,967,s1,120.0,pass,hand
s1/headphones_offhand_1,1162,s1,120.0,offhand,headphones
s1/headphones_pass_1,970,s1,120.0,pass,headphones
s1/headphones_use_1,1074,s1,120.0,use,headphones
s1/knife_lift,3696,s1,120.0,lift,knife
s1/lightbulb_pass_1,1104,s1,120.0,pass,lightbulb
s1/mouse_lift,1486,s1,120.0,lift,mouse
s1/mouse_offhand_1,868,s1,120.0,offhand,mouse
s1/mouse_pass_1,802,s1,120.0,pass,mouse
s1/mouse_use_1,2149,s1,120.0,use,mouse
s1/mug_drink_1,1334,s1,120.0,drink,mug
s1/mug_drink_2,1508,s1,120.0,drink,mug
s1/mug_drink_3,1236,s1,120.0,drink,mug
s1/mug_drink_4,1198,s1,120.0,drink,mug
s1/mug_lift,4246,s1,120.0,lift,mug
s1/mug_offhand_1,1093,s1,120.0,offhand,mug
s1/mug_pass_1,936,s1,120.0,pass,mug
s1/mug_toast_1,1347,s1,120.0,toast,mug
s1/phone_call_1,2048,s1,120.0,call,phone
s1/phone_lift,2508,s1,120.0,lift,phone
s1/phone_offhand_1,1310,s1,120.0,offhand,phone
s1/phone_pass_1,916,s1,120.0,pass,phone
s1/piggybank_lift,3865,s1,120.0,lift,piggybank
s1/piggybank_offhand_1,1274,s1,120.0,offhand,piggybank
s1/piggybank_pass_1,1166,s1,120.0,pass,piggybank
s1/piggybank_use_1,1328,s1,120.0,use,piggybank
s1/pyramidlarge_inspect_1,2001,s1,120.0,inspect,pyramidlarge
s1/pyramidlarge_lift,3078,s1,120.0,lift,pyramidlarge
s1/pyramidlarge_offhand_1,1281,s1,120.0,offhand,pyramidlarge
s1/pyramidlarge_pass_1,931,s1,120.0,pass,pyramidlarge
s1/pyramidmedium_inspect_1,1220,s1,120.0,inspect,pyramidmedium
s1/pyramidmedium_lift,2463,s1,120.0,lift,pyramidmedium
s1/pyramidmedium_offhand_1,910,s1,120.0,offhand,pyramidmedium
s1/pyramidmedium_pass_1,1086,s1,120.0,pass,pyramidmedium
s1/pyramidsmall_inspect_1,1016,s1,120.0,inspect,pyramidsmall
s1/pyramidsmall_pass_1,972,s1,120.0,pass,pyramidsmall
s1/scissors_offhand_1,1224,s1,120.0,offhand,scissors
s1/scissors_pass_1,1034,s1,120.0,pass,scissors
s1/scissors_use_2,1400,s1,120.0,use,scissors
s1/spherelarge_inspect_1,1294,s1,120.0,inspect,spherelarge
s1/spherelarge_lift,2645,s1,120.0,lift,spherelarge
s1/spherelarge_offhand_1,1300,s1,120.0,offhand,spherelarge
s1/spherelarge_pass_1,978,s1,120.0,pass,spherelarge
s1/spheremedium_inspect_1,1077,s1,120.0,inspect,spheremedium
s1/spheremedium_lift,2568,s1,120.0,lift,spheremedium
s1/spheremedium_offhand_1,1163,s1,120.0,offhand,spheremedium
s1/spheremedium_pass_1,917,s1,120.0,pass,spheremedium
s1/spheresmall_inspect_1,1085,s1,120.0,inspect,spheresmall
s1/spheresmall_lift,1204,s1,120.0,lift,spheresmall
s1/spheresmall_offhand_1,1182,s1,120.0,offhand,spheresmall
s1/spheresmall_pass_1,1053,s1,120.0,pass,spheresmall
s1/stamp_lift,2944,s1,120.0,lift,stamp
s1/stamp_offhand_1,1372,s1,120.0,offhand,stamp
s1/stamp_pass_1,1165,s1,120.0,pass,stamp
s1/stamp_stamp_1,1198,s1,120.0,stamp,stamp
s1/stanfordbunny_inspect_1,1456,s1,120.0,inspect,stanfordbunny
s1/stanfordbunny_lift,3756,s1,120.0,lift,stanfordbunny
s1/stanfordbunny_offhand_1,1026,s1,120.0,offhand,stanfordbunny
s1/stanfordbunny_pass_1,956,s1,120.0,pass,stanfordbunny
s1/stapler_lift,2070,s1,120.0,lift,stapler
s1/stapler_offhand_1,1256,s1,120.0,offhand,stapler
s1/stapler_pass_1,896,s1,120.0,pass,stapler
s1/stapler_staple_1,1042,s1,120.0,staple,stapler
s1/stapler_staple_2,1078,s1,120.0,staple,stapler
s1/teapot_pass_1,1327,s1,120.0,pass,teapot
s1/teapot_pour_1,1130,s1,120.0,pour,teapot
s1/toothbrush_lift,3416,s1,120.0,lift,toothbrush
s1/toothpaste_lift,3926,s1,120.0,lift,toothpaste
s1/toothpaste_pass_1,962,s1,120.0,pass,toothpaste
s1/toothpaste_squeeze_1,1410,s1,120.0,squeeze,toothpaste
s1/toruslarge_inspect_1,1480,s1,120.0,inspect,toruslarge
s1/toruslarge_lift,3758,s1,120.0,lift,toruslarge
s1/toruslarge_pass_1,984,s1,120.0,pass,toruslarge
s1/torusmedium_inspect_1,1325,s1,120.0,inspect,torusmedium
s1/torusmedium_lift,2290,s1,120.0,lift,torusmedium
s1/torusmedium_offhand_1,1151,s1,120.0,offhand,torusmedium
s1/torusmedium_pass_1,1087,s1,120.0,pass,torusmedium
s1/torussmall_inspect_1,1201,s1,120.0,inspect,torussmall
s1/torussmall_lift,1956,s1,120.0,lift,torussmall
s1/torussmall_offhand_1,1149,s1,120.0,offhand,torussmall
s1/torussmall_pass_1,1146,s1,120.0,pass,torussmall
s1/train_offhand_1,1441,s1,120.0,offhand,train
s1/train_play_1,1097,s1,120.0,play,train
s1/watch_lift,3153,s1,120.0,lift,watch
s1/watch_offhand_1,1142,s1,120.0,offhand,watch
s1/watch_pass_1,1193,s1,120.0,pass,watch
s1/watch_set_1,1687,s1,120.0,set,watch
s1/watch_set_2,1940,s1,120.0,set,watch
s1/waterbottle_drink_1,1172,s1,120.0,drink,waterbottle
s1/waterbottle_lift,2426,s1,120.0,lift,waterbottle
s1/waterbottle_offhand_1,1214,s1,120.0,offhand,waterbottle
s1/waterbottle_open_1,1022,s1,120.0,open,waterbottle
s1/waterbottle_pass_1,902,s1,120.0,pass,waterbottle
s1/waterbottle_pour_1,1676,s1,120.0,pour,waterbottle
s1/wineglass_drink_2,1272,s1,120.0,drink,wineglass
s1/wineglass_lift,4302,s1,120.0,lift,wineglass
s1/wineglass_offhand_1,1370,s1,120.0,offhand,wineglass
s1/wineglass_pass_1,872,s1,120.0,pass,wineglass
s1/wineglass_toast_1,1424,s1,120.0,toast,wineglass
s10/airplane_fly_1,848,s10,120.0,fly,airplane
s10/airplane_lift,1436,s10,120.0,lift,airplane
s10/airplane_pass_1,692,s10,120.0,pass,airplane
s10/alarmclock_lift_Retake,2244,s10,120.0,lift,alarmclock
s10/alarmclock_pass_1,636,s10,120.0,pass,alarmclock
s10/alarmclock_see_1,708,s10,120.0,see,alarmclock
s10/apple_eat_1,892,s10,120.0,eat,apple
s10/apple_pass_1,684,s10,120.0,pass,apple
s10/banana_eat_1,1716,s10,120.0,eat,banana
s10/banana_lift,1560,s10,120.0,lift,banana
s10/banana_pass_1,668,s10,120.0,pass,banana
s10/banana_peel_1,1112,s10,120.0,peel,banana
s10/banana_peel_2,1216,s10,120.0,peel,banana
s10/binoculars_lift,1868,s10,120.0,lift,binoculars
s10/binoculars_pass_1,848,s10,120.0,pass,binoculars
s10/binoculars_see_1,1024,s10,120.0,see,binoculars
s10/bowl_drink_1_Retake,1264,s10,120.0,drink,bowl
s10/bowl_drink_2,912,s10,120.0,drink,bowl
s10/bowl_lift,1892,s10,120.0,lift,bowl
s10/bowl_pass_1,712,s10,120.0,pass,bowl
s10/camera_browse_1,1180,s10,120.0,browse,camera
s10/camera_pass_1,748,s10,120.0,pass,camera
s10/camera_takepicture_1,912,s10,120.0,takepicture,camera
s10/camera_takepicture_2,816,s10,120.0,takepicture,camera
s10/camera_takepicture_3,720,s10,120.0,takepicture,camera
s10/cubelarge_inspect_1,1016,s10,120.0,inspect,cubelarge
s10/cubelarge_lift,1744,s10,120.0,lift,cubelarge
s10/cubelarge_pass_1,712,s10,120.0,pass,cubelarge
s10/cubemedium_inspect_1,684,s10,120.0,inspect,cubemedium
s10/cubemedium_lift,1708,s10,120.0,lift,cubemedium
s10/cubemedium_pass_1,660,s10,120.0,pass,cubemedium
s10/cubesmall_inspect_1,756,s10,120.0,inspect,cubesmall
s10/cubesmall_lift,1492,s10,120.0,lift,cubesmall
s10/cubesmall_pass_1,764,s10,120.0,pass,cubesmall
s10/cup_drink_1,856,s10,120.0,drink,cup
s10/cup_drink_2,1100,s10,120.0,drink,cup
s10/cup_lift,1736,s10,120.0,lift,cup
s10/cup_pass_1,780,s10,120.0,pass,cup
s10/cup_pour_1,760,s10,120.0,pour,cup
s10/cylinderlarge_inspect_1,1228,s10,120.0,inspect,cylinderlarge
s10/cylinderlarge_lift,1692,s10,120.0,lift,cylinderlarge
s10/cylinderlarge_pass_1,836,s10,120.0,pass,cylinderlarge
s10/cylindermedium_inspect_1,768,s10,120.0,inspect,cylindermedium
s10/cylindermedium_pass_1,832,s10,120.0,pass,cylindermedium
s10/cylindersmall_inspect_1,760,s10,120.0,inspect,cylindersmall
s10/cylindersmall_pass_1,672,s10,120.0,pass,cylindersmall
s10/doorknob_lift,1160,s10,120.0,lift,doorknob
s10/doorknob_use_1,1180,s10,120.0,use,doorknob
s10/doorknob_use_2,956,s10,120.0,use,doorknob
s10/duck_pass_1,628,s10,120.0,pass,duck
s10/elephant_inspect_1,1056,s10,120.0,inspect,elephant
s10/elephant_pass_1,672,s10,120.0,pass,elephant
s10/eyeglasses_wear_1,1124,s10,120.0,wear,eyeglasses
s10/flashlight_on_1,808,s10,120.0,switchON,flashlight
s10/flashlight_on_2,1080,s10,120.0,switchON,flashlight
s10/flute_pass_1,708,s10,120.0,pass,flute
s10/flute_play_1,1148,s10,120.0,play,flute
s10/fryingpan_cook_1,980,s10,120.0,cook,fryingpan
s10/fryingpan_cook_2,972,s10,120.0,cook,fryingpan
s10/gamecontroller_lift,1356,s10,120.0,lift,gamecontroller
s10/gamecontroller_pass_1,660,s10,120.0,pass,gamecontroller
s10/gamecontroller_play_1,1088,s10,120.0,play,gamecontroller
s10/hammer_lift,1684,s10,120.0,lift,hammer
s10/hammer_pass_1,652,s10,120.0,pass,hammer
s10/hammer_use_1,916,s10,120.0,use,hammer
s10/hammer_use_2,952,s10,120.0,use,hammer
s10/hammer_use_3,996,s10,120.0,use,hammer
s10/hand_inspect_1,1136,s10,120.0,inspect,hand
s10/hand_lift,2608,s10,120.0,lift,hand
s10/hand_pass_1,728,s10,120.0,pass,hand
s10/hand_shake_1,1304,s10,120.0,shake,hand
s10/headphones_lift,1580,s10,120.0,lift,headphones
s10/headphones_pass_1,580,s10,120.0,pass,headphones
s10/headphones_use_1,780,s10,120.0,use,headphones
s10/knife_chop_1,928,s10,120.0,chop,knife
s10/knife_pass_1,796,s10,120.0,pass,knife
s10/knife_peel_1,1060,s10,120.0,peel,knife
s10/lightbulb_pass_1,692,s10,120.0,pass,lightbulb
s10/lightbulb_screw_1,1048,s10,120.0,screw,lightbulb
s10/mouse_lift,1276,s10,120.0,lift,mouse
s10/mouse_pass_1,668,s10,120.0,pass,mouse
s10/mouse_use_1,796,s10,120.0,use,mouse
s10/mug_drink_1,808,s10,120.0,drink,mug
s10/mug_drink_2,880,s10,120.0,drink,mug
s10/mug_lift,2284,s10,120.0,lift,mug
s10/mug_pass_1,784,s10,120.0,pass,mug
s10/mug_toast_1,724,s10,120.0,toast,mug
s10/phone_call_1,1416,s10,120.0,call,phone
s10/phone_lift,2188,s10,120.0,lift,phone
s10/phone_pass_1,636,s10,120.0,pass,phone
s10/piggybank_pass_1,732,s10,120.0,pass,piggybank
s10/piggybank_use_1,1340,s10,120.0,use,piggybank
s10/pyramidlarge_pass_1,792,s10,120.0,pass,pyramidlarge
s10/pyramidmedium_inspect_1,680,s10,120.0,inspect,pyramidmedium
s10/pyramidmedium_lift,1036,s10,120.0,lift,pyramidmedium
s10/pyramidmedium_pass_1,716,s10,120.0,pass,pyramidmedium
s10/pyramidsmall_inspect_1,500,s10,120.0,inspect,pyramidsmall
s10/scissors_pass_1,668,s10,120.0,pass,scissors
s10/scissors_use_1,836,s10,120.0,use,scissors
s10/spherelarge_inspect_1,868,s10,120.0,inspect,spherelarge
s10/spherelarge_lift,1072,s10,120.0,lift,spherelarge
s10/spherelarge_pass_1,596,s10,120.0,pass,spherelarge
s10/spheremedium_inspect_1,560,s10,120.0,inspect,spheremedium
s10/spheremedium_lift,808,s10,120.0,lift,spheremedium
s10/spheremedium_pass_1,576,s10,120.0,pass,spheremedium
s10/spheresmall_inspect_1,600,s10,120.0,inspect,spheresmall
s10/spheresmall_pass_1,664,s10,120.0,pass,spheresmall
s10/stamp_lift,1660,s10,120.0,lift,stamp
s10/stamp_pass_1,712,s10,120.0,pass,stamp
s10/stamp_stamp_1,644,s10,120.0,stamp,stamp
s10/stanfordbunny_inspect_1,604,s10,120.0,inspect,stanfordbunny
s10/stanfordbunny_lift,1672,s10,120.0,lift,stanfordbunny
s10/stanfordbunny_pass_1,576,s10,120.0,pass,stanfordbunny
s10/stapler_lift,1460,s10,120.0,lift,stapler
s10/stapler_pass_1,648,s10,120.0,pass,stapler
s10/stapler_staple_1,764,s10,120.0,staple,stapler
s10/stapler_staple_2,848,s10,120.0,staple,stapler
s10/teapot_pass_1,664,s10,120.0,pass,teapot
s10/teapot_pour_1,900,s10,120.0,pour,teapot
s10/teapot_pour_2,844,s10,120.0,pour,teapot
s10/toothpaste_lift,1476,s10,120.0,lift,toothpaste
s10/toothpaste_pass_1,548,s10,120.0,pass,toothpaste
s10/toothpaste_squeeze_1,1312,s10,120.0,squeeze,toothpaste
s10/toothpaste_squeeze_2,1140,s10,120.0,squeeze,toothpaste
s10/toruslarge_inspect_1,596,s10,120.0,inspect,toruslarge
s10/toruslarge_lift,1336,s10,120.0,lift,toruslarge
s10/toruslarge_pass_1,652,s10,120.0,pass,toruslarge
s10/torusmedium_inspect_1,588,s10,120.0,inspect,torusmedium
s10/torusmedium_lift,1624,s10,120.0,lift,torusmedium
s10/torusmedium_pass_1,668,s10,120.0,pass,torusmedium
s10/torussmall_inspect_1,592,s10,120.0,inspect,torussmall
s10/torussmall_lift,1272,s10,120.0,lift,torussmall
s10/torussmall_pass_1,632,s10,120.0,pass,torussmall
s10/train_lift,1240,s10,120.0,lift,train
s10/train_pass_1,620,s10,120.0,pass,train
s10/train_play_1,696,s10,120.0,play,train
s10/watch_pass_1,604,s10,120.0,pass,watch
s10/waterbottle_drink_1,920,s10,120.0,drink,waterbottle
s10/waterbottle_pass_1,592,s10,120.0,pass,waterbottle
s10/waterbottle_pour_1,696,s10,120.0,pour,waterbottle
s10/wineglass_drink_1,816,s10,120.0,drink,wineglass
s10/wineglass_drink_2,956,s10,120.0,drink,wineglass
s10/wineglass_lift,1680,s10,120.0,lift,wineglass
s10/wineglass_pass_1,760,s10,120.0,pass,wineglass
s10/wineglass_toast_1,644,s10,120.0,toast,wineglass
s2/airplane_fly_1,1198,s2,120.0,fly,airplane
s2/apple_eat_1,791,s2,120.0,eat,apple
s2/apple_lift,1851,s2,120.0,lift,apple
s2/apple_pass_1,836,s2,120.0,pass,apple
s2/banana_eat_1,1471,s2,120.0,eat,banana
s2/banana_pass_1,1097,s2,120.0,pass,banana
s2/banana_peel_1,1126,s2,120.0,peel,banana
s2/camera_browse_1,1660,s2,120.0,browse,camera
s2/camera_lift,2841,s2,120.0,lift,camera
s2/camera_pass_1,871,s2,120.0,pass,camera
s2/camera_takepicture_2,1091,s2,120.0,takepicture,camera
s2/cubelarge_inspect_1,1751,s2,120.0,inspect,cubelarge
s2/cubelarge_lift,2636,s2,120.0,lift,cubelarge
s2/cubelarge_pass_1,1051,s2,120.0,pass,cubelarge
s2/cubemedium_inspect_1,821,s2,120.0,inspect,cubemedium
s2/cubemedium_lift,1941,s2,120.0,lift,cubemedium
s2/cubesmall_inspect_1,776,s2,120.0,inspect,cubesmall
s2/cubesmall_lift,2286,s2,120.0,lift,cubesmall
s2/cubesmall_pass_1,931,s2,120.0,pass,cubesmall
s2/cup_drink_1,936,s2,120.0,drink,cup
s2/cup_pass_1,826,s2,120.0,pass,cup
s2/cylinderlarge_inspect_1,1034,s2,120.0,inspect,cylinderlarge
s2/cylinderlarge_lift,2600,s2,120.0,lift,cylinderlarge
s2/cylinderlarge_pass_1,903,s2,120.0,pass,cylinderlarge
s2/cylindermedium_inspect_1,1005,s2,120.0,inspect,cylindermedium
s2/cylindermedium_lift,3410,s2,120.0,lift,cylindermedium
s2/cylindermedium_pass_1,1088,s2,120.0,pass,cylindermedium
s2/cylindersmall_pass_1,1073,s2,120.0,pass,cylindersmall
s2/doorknob_use_2,1127,s2,120.0,use,doorknob
s2/duck_inspect_1,1174,s2,120.0,inspect,duck
s2/elephant_inspect_1,1203,s2,120.0,inspect,elephant
s2/elephant_pass_1,990,s2,120.0,pass,elephant
s2/eyeglasses_clean_1,1096,s2,120.0,clean,eyeglasses
s2/eyeglasses_pass_1,981,s2,120.0,pass,eyeglasses
s2/flashlight_on_1,1041,s2,120.0,switchON,flashlight
s2/flashlight_on_2,1146,s2,120.0,switchON,flashlight
s2/flute_pass_1,1086,s2,120.0,pass,flute
s2/fryingpan_pass_1,911,s2,120.0,pass,fryingpan
s2/gamecontroller_pass_1,1218,s2,120.0,pass,gamecontroller
s2/gamecontroller_play_1,1032,s2,120.0,play,gamecontroller
s2/hammer_lift,1962,s2,120.0,lift,hammer
s2/hammer_use_1,1122,s2,120.0,use,hammer
s2/hammer_use_2,1228,s2,120.0,use,hammer
s2/hand_inspect_1,1162,s2,120.0,inspect,hand
s2/hand_lift,2661,s2,120.0,lift,hand
s2/headphones_lift,2161,s2,120.0,lift,headphones
s2/headphones_pass_1,936,s2,120.0,pass,headphones
s2/headphones_use_1,761,s2,120.0,use,headphones
s2/knife_pass_1,876,s2,120.0,pass,knife
s2/mouse_pass_1,746,s2,120.0,pass,mouse
s2/mouse_use_1,956,s2,120.0,use,mouse
s2/mug_drink_1,994,s2,120.0,drink,mug
s2/mug_drink_2,1142,s2,120.0,drink,mug
s2/mug_lift,2006,s2,120.0,lift,mug
s2/mug_pass_1,1034,s2,120.0,pass,mug
s2/mug_toast_1,956,s2,120.0,toast,mug
s2/phone_call_1,1595,s2,120.0,call,phone
s2/phone_pass_1,931,s2,120.0,pass,phone
s2/piggybank_lift,2818,s2,120.0,lift,piggybank
s2/piggybank_pass_1_Retake,1037,s2,120.0,pass,piggybank
s2/piggybank_use_1,1158,s2,120.0,use,piggybank
s2/pyramidlarge_inspect_1,962,s2,120.0,inspect,pyramidlarge
s2/pyramidlarge_lift,2337,s2,120.0,lift,pyramidlarge
s2/pyramidlarge_pass_1_Retake,1104,s2,120.0,pass,pyramidlarge
s2/pyramidmedium_inspect_1,945,s2,120.0,inspect,pyramidmedium
s2/pyramidmedium_pass_1,1129,s2,120.0,pass,pyramidmedium
s2/scissors_use_1,1038,s2,120.0,use,scissors
s2/spherelarge_inspect_1,915,s2,120.0,inspect,spherelarge
s2/spherelarge_lift,2291,s2,120.0,lift,spherelarge
s2/spherelarge_pass_1,1066,s2,120.0,pass,spherelarge
s2/spheremedium_pass_1,1108,s2,120.0,pass,spheremedium
s2/spheresmall_inspect_1,844,s2,120.0,inspect,spheresmall
s2/stamp_stamp_1,1068,s2,120.0,stamp,stamp
s2/stanfordbunny_inspect_1,766,s2,120.0,inspect,stanfordbunny
s2/stanfordbunny_lift,3026,s2,120.0,lift,stanfordbunny
s2/stanfordbunny_pass_1,961,s2,120.0,pass,stanfordbunny
s2/stapler_pass_1,836,s2,120.0,pass,stapler
s2/stapler_staple_1,801,s2,120.0,staple,stapler
s2/stapler_staple_2,726,s2,120.0,staple,stapler
s2/teapot_lift,1915,s2,120.0,lift,teapot
s2/teapot_pass_1,1203,s2,120.0,pass,teapot
s2/teapot_pour_1,1110,s2,120.0,pour,teapot
s2/teapot_pour_2,1162,s2,120.0,pour,teapot
s2/toothbrush_lift,1622,s2,120.0,lift,toothbrush
s2/toothpaste_lift,1927,s2,120.0,lift,toothpaste
s2/toothpaste_squeeze_1,1058,s2,120.0,squeeze,toothpaste
s2/toruslarge_inspect_1,961,s2,120.0,inspect,toruslarge
s2/toruslarge_lift,2136,s2,120.0,lift,toruslarge
s2/toruslarge_pass_1,1106,s2,120.0,pass,toruslarge
s2/torussmall_lift,1776,s2,120.0,lift,torussmall
s2/train_lift,2765,s2,120.0,lift,train
s2/train_pass_1,1264,s2,120.0,pass,train
s2/train_play_1,1093,s2,120.0,play,train
s3/airplane_fly_1,910,s3,120.0,fly,airplane
s3/airplane_lift,2170,s3,120.0,lift,airplane
s3/airplane_offhand_1,988,s3,120.0,offhand,airplane
s3/airplane_pass_1,676,s3,120.0,pass,airplane
s3/alarmclock_lift,1561,s3,120.0,lift,alarmclock
s3/alarmclock_offhand_1,816,s3,120.0,offhand,alarmclock
s3/alarmclock_pass_1,666,s3,120.0,pass,alarmclock
s3/alarmclock_see_1,636,s3,120.0,see,alarmclock
s3/apple_eat_1,644,s3,120.0,eat,apple
s3/apple_lift,1488,s3,120.0,lift,apple
s3/apple_offhand_1,744,s3,120.0,offhand,apple
s3/apple_pass_1,582,s3,120.0,pass,apple
s3/binoculars_lift,1688,s3,120.0,lift,binoculars
s3/binoculars_offhand_1,811,s3,120.0,offhand,binoculars
s3/binoculars_see_1,998,s3,120.0,see,binoculars
s3/bowl_drink_1,868,s3,120.0,drink,bowl
s3/bowl_drink_2,722,s3,120.0,drink,bowl
s3/camera_offhand_1,1118,s3,120.0,offhand,camera
s3/camera_pass_1,836,s3,120.0,pass,camera
s3/camera_takepicture_1,1030,s3,120.0,takepicture,camera
s3/camera_takepicture_2,864,s3,120.0,takepicture,camera
s3/camera_takepicture_3,853,s3,120.0,takepicture,camera
s3/cubelarge_lift,1756,s3,120.0,lift,cubelarge
s3/cubelarge_offhand_1,1202,s3,120.0,offhand,cubelarge
s3/cubelarge_pass_1,920,s3,120.0,pass,cubelarge
s3/cubemedium_inspect_1,1001,s3,120.0,inspect,cubemedium
s3/cubesmall_inspect_1,915,s3,120.0,inspect,cubesmall
s3/cup_drink_1,686,s3,120.0,drink,cup
s3/cup_drink_2,651,s3,120.0,drink,cup
s3/cup_lift,1525,s3,120.0,lift,cup
s3/cup_offhand_1,686,s3,120.0,offhand,cup
s3/cup_pass_1,857,s3,120.0,pass,cup
s3/cup_pour_1,779,s3,120.0,pour,cup
s3/cylinderlarge_inspect_1,1442,s3,120.0,inspect,cylinderlarge
s3/cylinderlarge_lift_Retake,2284,s3,120.0,lift,cylinderlarge
s3/cylinderlarge_pass_1,758,s3,120.0,pass,cylinderlarge
s3/cylindermedium_lift,1856,s3,120.0,lift,cylindermedium
s3/cylindermedium_pass_1,712,s3,120.0,pass,cylindermedium
s3/cylindersmall_inspect_1,1082,s3,120.0,inspect,cylindersmall
s3/cylindersmall_pass_1,848,s3,120.0,pass,cylindersmall
s3/doorknob_use_1,952,s3,120.0,use,doorknob
s3/doorknob_use_2,734,s3,120.0,use,doorknob
s3/duck_inspect_1,1322,s3,120.0,inspect,duck
s3/elephant_lift,2082,s3,120.0,lift,elephant
s3/elephant_offhand_1,1292,s3,120.0,offhand,elephant
s3/elephant_pass_1,729,s3,120.0,pass,elephant
s3/eyeglasses_clean_1,1205,s3,120.0,clean,eyeglasses
s3/eyeglasses_offhand_1,1186,s3,120.0,offhand,eyeglasses
s3/eyeglasses_pass_1,871,s3,120.0,pass,eyeglasses
s3/eyeglasses_wear_1,1048,s3,120.0,wear,eyeglasses
s3/flashlight_on_1,1180,s3,120.0,switchON,flashlight
s3/flashlight_pass_1,814,s3,120.0,pass,flashlight
s3/flute_offhand_1,1020,s3,120.0,offhand,flute
s3/flute_play_1,846,s3,120.0,play,flute
s3/fryingpan_lift,1501,s3,120.0,lift,fryingpan
s3/gamecontroller_lift,1668,s3,120.0,lift,gamecontroller
s3/gamecontroller_pass_1,868,s3,120.0,pass,gamecontroller
s3/gamecontroller_play_1,876,s3,120.0,play,gamecontroller
s3/hammer_pass_1,561,s3,120.0,pass,hammer
s3/hammer_use_1,1147,s3,120.0,use,hammer
s3/hammer_use_2,801,s3,120.0,use,hammer
s3/hand_pass_1,879,s3,120.0,pass,hand
s3/headphones_use_1,789,s3,120.0,use,headphones
s3/knife_lift,1469,s3,120.0,lift,knife
s3/lightbulb_screw_1,1014,s3,120.0,screw,lightbulb
s3/mouse_lift,1386,s3,120.0,lift,mouse
s3/mouse_offhand_1,954,s3,120.0,offhand,mouse
s3/mouse_pass_1,888,s3,120.0,pass,mouse
s3/mouse_use_1,1142,s3,120.0,use,mouse
s3/mug_drink_1,956,s3,120.0,drink,mug
s3/mug_drink_2,822,s3,120.0,drink,mug
s3/mug_drink_3,914,s3,120.0,drink,mug
s3/mug_drink_4,902,s3,120.0,drink,mug
s3/mug_offhand_1,984,s3,120.0,offhand,mug
s3/mug_pass_1,1130,s3,120.0,pass,mug
s3/phone_call_1,1146,s3,120.0,call,phone
s3/phone_pass_1,732,s3,120.0,pass,phone
s3/piggybank_pass_1,686,s3,120.0,pass,piggybank
s3/piggybank_use_1,822,s3,120.0,use,piggybank
s3/pyramidlarge_inspect_1,1025,s3,120.0,inspect,pyramidlarge
s3/pyramidlarge_offhand_1,1091,s3,120.0,offhand,pyramidlarge
s3/pyramidlarge_pass_1,901,s3,120.0,pass,pyramidlarge
s3/pyramidmedium_inspect_1,982,s3,120.0,inspect,pyramidmedium
s3/pyramidmedium_pass_1,877,s3,120.0,pass,pyramidmedium
s3/pyramidsmall_pass_1,696,s3,120.0,pass,pyramidsmall
s3/scissors_pass_1,711,s3,120.0,pass,scissors
s3/scissors_use_1,857,s3,120.0,use,scissors
s3/scissors_use_2,798,s3,120.0,use,scissors
s3/spherelarge_inspect_1,948,s3,120.0,inspect,spherelarge
s3/spherelarge_pass_1,650,s3,120.0,pass,spherelarge
s3/spheremedium_inspect_1,930,s3,120.0,inspect,spheremedium
s3/spheresmall_pass_1,714,s3,120.0,pass,spheresmall
s3/stamp_lift,1216,s3,120.0,lift,stamp
s3/stamp_pass_1,758,s3,120.0,pass,stamp
s3/stamp_stamp_1,746,s3,120.0,stamp,stamp
s3/stanfordbunny_inspect_1,1062,s3,120.0,inspect,stanfordbunny
s3/stanfordbunny_lift,1958,s3,120.0,lift,stanfordbunny
s3/stanfordbunny_pass_1,808,s3,120.0,pass,stanfordbunny
s3/stapler_lift,1204,s3,120.0,lift,stapler
s3/stapler_pass_1,636,s3,120.0,pass,stapler
s3/stapler_staple_1,836,s3,120.0,staple,stapler
s3/toothbrush_brush_1,775,s3,120.0,brush,toothbrush
s3/toothbrush_pass_1,856,s3,120.0,pass,toothbrush
s3/toothpaste_lift,1553,s3,120.0,lift,toothpaste
s3/toothpaste_pass_1,648,s3,120.0,pass,toothpaste
s3/toothpaste_squeeze_1,802,s3,120.0,squeeze,toothpaste
s3/toruslarge_inspect_1,1070,s3,120.0,inspect,toruslarge
s3/toruslarge_lift,1462,s3,120.0,lift,toruslarge
s3/toruslarge_pass_1,836,s3,120.0,pass,toruslarge
s3/torusmedium_inspect_1,1094,s3,120.0,inspect,torusmedium
s3/torusmedium_pass_1,721,s3,120.0,pass,torusmedium
s3/train_lift,1410,s3,120.0,lift,train
s3/train_pass_1,862,s3,120.0,pass,train
s3/train_play_1,927,s3,120.0,play,train
s3/watch_pass_1,843,s3,120.0,pass,watch
s3/watch_set_1,908,s3,120.0,set,watch
s3/waterbottle_drink_1,794,s3,120.0,drink,waterbottle
s3/waterbottle_lift,2380,s3,120.0,lift,waterbottle
s3/waterbottle_pass_1,772,s3,120.0,pass,waterbottle
s3/waterbottle_pour_2,744,s3,120.0,pour,waterbottle
s3/wineglass_drink_1,798,s3,120.0,drink,wineglass
s3/wineglass_drink_2,718,s3,120.0,drink,wineglass
s3/wineglass_lift,3032,s3,120.0,lift,wineglass
s3/wineglass_pass_1,730,s3,120.0,pass,wineglass
s3/wineglass_toast_1,880,s3,120.0,toast,wineglass
s4/airplane_fly_1,1498,s4,120.0,fly,airplane
s4/airplane_pass_1,1071,s4,120.0,pass,airplane
s4/alarmclock_lift,1671,s4,120.0,lift,alarmclock
s4/alarmclock_pass_1,746,s4,120.0,pass,alarmclock
s4/alarmclock_see_1,756,s4,120.0,see,alarmclock
s4/apple_eat_1,847,s4,120.0,eat,apple
s4/apple_lift,1836,s4,120.0,lift,apple
s4/apple_pass_1,694,s4,120.0,pass,apple
s4/banana_pass_1,900,s4,120.0,pass,banana
s4/binoculars_lift,2012,s4,120.0,lift,binoculars
s4/binoculars_pass_1,792,s4,120.0,pass,binoculars
s4/binoculars_see_1,1259,s4,120.0,see,binoculars
s4/bowl_drink_1,1010,s4,120.0,drink,bowl
s4/bowl_drink_2,860,s4,120.0,drink,bowl
s4/bowl_pass_1,794,s4,120.0,pass,bowl
s4/camera_lift,1904,s4,120.0,lift,camera
s4/camera_pass_1,798,s4,120.0,pass,camera
s4/camera_takepicture_2,876,s4,120.0,takepicture,camera
s4/camera_takepicture_3,846,s4,120.0,takepicture,camera
s4/cubelarge_inspect_1,1262,s4,120.0,inspect,cubelarge
s4/cubelarge_lift,1890,s4,120.0,lift,cubelarge
s4/cubelarge_pass_1,752,s4,120.0,pass,cubelarge
s4/cubemedium_inspect_1,1198,s4,120.0,inspect,cubemedium
s4/cubemedium_lift,1986,s4,120.0,lift,cubemedium
s4/cubemedium_pass_1,630,s4,120.0,pass,cubemedium
s4/cubesmall_pass_1,652,s4,120.0,pass,cubesmall
s4/cup_drink_1,790,s4,120.0,drink,cup
s4/cup_drink_2,874,s4,120.0,drink,cup
s4/cup_lift,1847,s4,120.0,lift,cup
s4/cup_pass_1,621,s4,120.0,pass,cup
s4/cup_pour_1,714,s4,120.0,pour,cup
s4/cylinderlarge_inspect_1,1147,s4,120.0,inspect,cylinderlarge
s4/cylinderlarge_lift,2382,s4,120.0,lift,cylinderlarge
s4/cylinderlarge_pass_1,747,s4,120.0,pass,cylinderlarge
s4/cylindersmall_lift,1845,s4,120.0,lift,cylindersmall
s4/cylindersmall_pass_1,691,s4,120.0,pass,cylindersmall
s4/doorknob_lift,2130,s4,120.0,lift,doorknob
s4/doorknob_use_1,1277,s4,120.0,use,doorknob
s4/duck_inspect_1,875,s4,120.0,inspect,duck
s4/duck_pass_1,632,s4,120.0,pass,duck
s4/elephant_inspect_1,921,s4,120.0,inspect,elephant
s4/elephant_pass_1,678,s4,120.0,pass,elephant
s4/flashlight_pass_1,644,s4,120.0,pass,flashlight
s4/flute_play_1,1314,s4,120.0,play,flute
s4/fryingpan_cook_1,878,s4,120.0,cook,fryingpan
s4/fryingpan_cook_2,772,s4,120.0,cook,fryingpan
s4/fryingpan_cook_3,904,s4,120.0,cook,fryingpan
s4/fryingpan_pass_1,700,s4,120.0,pass,fryingpan
s4/gamecontroller_pass_1,758,s4,120.0,pass,gamecontroller
s4/hammer_use_1,854,s4,120.0,use,hammer
s4/hammer_use_2,769,s4,120.0,use,hammer
s4/hammer_use_3,845,s4,120.0,use,hammer
s4/hand_inspect_1,1372,s4,120.0,inspect,hand
s4/hand_lift,2246,s4,120.0,lift,hand
s4/hand_pass_1,690,s4,120.0,pass,hand
s4/headphones_pass_1,670,s4,120.0,pass,headphones
s4/headphones_use_1,802,s4,120.0,use,headphones
s4/mouse_pass_1,561,s4,120.0,pass,mouse
s4/mouse_use_1,988,s4,120.0,use,mouse
s4/mouse_use_2,988,s4,120.0,use,mouse
s4/mug_drink_2,724,s4,120.0,drink,mug
s4/mug_pass_1,622,s4,120.0,pass,mug
s4/phone_call_1,1276,s4,120.0,call,phone
s4/phone_lift,1952,s4,120.0,lift,phone
s4/phone_pass_1,668,s4,120.0,pass,phone
s4/piggybank_lift,2228,s4,120.0,lift,piggybank
s4/piggybank_pass_1,666,s4,120.0,pass,piggybank
s4/piggybank_use_1,1052,s4,120.0,use,piggybank
s4/pyramidlarge_pass_1,760,s4,120.0,pass,pyramidlarge
s4/pyramidmedium_inspect_1,909,s4,120.0,inspect,pyramidmedium
s4/pyramidmedium_pass_1,688,s4,120.0,pass,pyramidmedium
s4/scissors_pass_1,605,s4,120.0,pass,scissors
s4/spherelarge_inspect_1,905,s4,120.0,inspect,spherelarge
s4/spherelarge_lift,1843,s4,120.0,lift,spherelarge
s4/spherelarge_pass_1,651,s4,120.0,pass,spherelarge
s4/spheremedium_inspect_1,855,s4,120.0,inspect,spheremedium
s4/spheremedium_lift,1979,s4,120.0,lift,spheremedium
s4/spheremedium_pass_1,667,s4,120.0,pass,spheremedium
s4/spheresmall_lift,2100,s4,120.0,lift,spheresmall
s4/spheresmall_pass_1,659,s4,120.0,pass,spheresmall
s4/stamp_lift,2025,s4,120.0,lift,stamp
s4/stamp_pass_1,544,s4,120.0,pass,stamp
s4/stamp_stamp_1,722,s4,120.0,stamp,stamp
s4/stanfordbunny_inspect_1,882,s4,120.0,inspect,stanfordbunny
s4/stanfordbunny_lift,2496,s4,120.0,lift,stanfordbunny
s4/stanfordbunny_pass_1,648,s4,120.0,pass,stanfordbunny
s4/stapler_lift,2336,s4,120.0,lift,stapler
s4/stapler_pass_1,614,s4,120.0,pass,stapler
s4/stapler_staple_1,680,s4,120.0,staple,stapler
s4/stapler_staple_2,818,s4,120.0,staple,stapler
s4/teapot_pour_2,801,s4,120.0,pour,teapot
s4/toothbrush_pass_1,577,s4,120.0,pass,toothbrush
s4/toothpaste_pass_1,652,s4,120.0,pass,toothpaste
s4/toruslarge_pass_1,708,s4,120.0,pass,toruslarge
s4/torusmedium_inspect_1,723,s4,120.0,inspect,torusmedium
s4/torusmedium_lift,1786,s4,120.0,lift,torusmedium
s4/torussmall_lift,1760,s4,120.0,lift,torussmall
s4/torussmall_pass_1,630,s4,120.0,pass,torussmall
s4/train_lift,2192,s4,120.0,lift,train
s4/train_pass_1,654,s4,120.0,pass,train
s4/train_play_1,805,s4,120.0,play,train
s4/watch_lift,1978,s4,120.0,lift,watch
s4/watch_pass_1,630,s4,120.0,pass,watch
s4/watch_set_1,908,s4,120.0,set,watch
s4/watch_set_2,906,s4,120.0,set,watch
s4/waterbottle_drink_1,884,s4,120.0,drink,waterbottle
s4/waterbottle_pour_1,816,s4,120.0,pour,waterbottle
s4/waterbottle_shake_1,670,s4,120.0,shake,waterbottle
s4/wineglass_drink_1,721,s4,120.0,drink,wineglass
s4/wineglass_drink_2,769,s4,120.0,drink,wineglass
s4/wineglass_lift,2004,s4,120.0,lift,wineglass
s4/wineglass_pass_1,678,s4,120.0,pass,wineglass
s4/wineglass_toast_1,618,s4,120.0,toast,wineglass
s5/airplane_lift,2628,s5,120.0,lift,airplane
s5/airplane_pass_1,760,s5,120.0,pass,airplane
s5/alarmclock_lift,2292,s5,120.0,lift,alarmclock
s5/alarmclock_pass_1,776,s5,120.0,pass,alarmclock
s5/alarmclock_see_1,660,s5,120.0,see,alarmclock
s5/apple_pass_1,704,s5,120.0,pass,apple
s5/banana_pass_1,670,s5,120.0,pass,banana
s5/banana_peel_2,1186,s5,120.0,peel,banana
s5/binoculars_lift,2281,s5,120.0,lift,binoculars
s5/binoculars_pass_1,731,s5,120.0,pass,binoculars
s5/binoculars_see_1,1205,s5,120.0,see,binoculars
s5/bowl_drink_1,1078,s5,120.0,drink,bowl
s5/bowl_drink_2,814,s5,120.0,drink,bowl
s5/bowl_pass_1,831,s5,120.0,pass,bowl
s5/camera_pass_1,700,s5,120.0,pass,camera
s5/camera_takepicture_3,930,s5,120.0,takepicture,camera
s5/cubelarge_inspect_1,1038,s5,120.0,inspect,cubelarge
s5/cubelarge_lift,2682,s5,120.0,lift,cubelarge
s5/cubelarge_pass_1,806,s5,120.0,pass,cubelarge
s5/cubemedium_inspect_1,1030,s5,120.0,inspect,cubemedium
s5/cubemedium_lift,2264,s5,120.0,lift,cubemedium
s5/cubemedium_pass_1,824,s5,120.0,pass,cubemedium
s5/cubesmall_inspect_1,988,s5,120.0,inspect,cubesmall
s5/cubesmall_lift,2336,s5,120.0,lift,cubesmall
s5/cubesmall_pass_1,732,s5,120.0,pass,cubesmall
s5/cup_drink_2,1012,s5,120.0,drink,cup
s5/cup_lift,2662,s5,120.0,lift,cup
s5/cup_pass_1,822,s5,120.0,pass,cup
s5/cup_pour_1,734,s5,120.0,pour,cup
s5/cylinderlarge_inspect_1,1098,s5,120.0,inspect,cylinderlarge
s5/cylinderlarge_lift,2756,s5,120.0,lift,cylinderlarge
s5/cylinderlarge_pass_1,758,s5,120.0,pass,cylinderlarge
s5/cylindermedium_inspect_1,976,s5,120.0,inspect,cylindermedium
s5/cylindermedium_lift,2496,s5,120.0,lift,cylindermedium
s5/cylindermedium_pass_1,715,s5,120.0,pass,cylindermedium
s5/cylindersmall_inspect_1,797,s5,120.0,inspect,cylindersmall
s5/cylindersmall_pass_1,741,s5,120.0,pass,cylindersmall
s5/doorknob_lift,2026,s5,120.0,lift,doorknob
s5/duck_inspect_1,1070,s5,120.0,inspect,duck
s5/duck_lift,2537,s5,120.0,lift,duck
s5/duck_pass_1,725,s5,120.0,pass,duck
s5/elephant_inspect_1,1054,s5,120.0,inspect,elephant
s5/elephant_lift,2647,s5,120.0,lift,elephant
s5/elephant_pass_1,788,s5,120.0,pass,elephant
s5/eyeglasses_clean_2,1300,s5,120.0,clean,eyeglasses
s5/flashlight_on_1,974,s5,120.0,switchON,flashlight
s5/flashlight_on_2,1046,s5,120.0,switchON,flashlight
s5/flute_pass_1,684,s5,120.0,pass,flute
s5/flute_play_1,1196,s5,120.0,play,flute
s5/flute_play_2,960,s5,120.0,play,flute
s5/gamecontroller_lift,1928,s5,120.0,lift,gamecontroller
s5/gamecontroller_pass_1,749,s5,120.0,pass,gamecontroller
s5/gamecontroller_play_1,986,s5,120.0,play,gamecontroller
s5/hammer_pass_1,830,s5,120.0,pass,hammer
s5/hammer_use_1,854,s5,120.0,use,hammer
s5/hand_inspect_1,995,s5,120.0,inspect,hand
s5/hand_pass_1,682,s5,120.0,pass,hand
s5/mouse_lift,1722,s5,120.0,lift,mouse
s5/mouse_pass_1,666,s5,120.0,pass,mouse
s5/mouse_use_1,768,s5,120.0,use,mouse
s5/mug_drink_1,726,s5,120.0,drink,mug
s5/mug_pass_1,806,s5,120.0,pass,mug
s5/mug_toast_1,804,s5,120.0,toast,mug
s5/phone_pass_1,794,s5,120.0,pass,phone
s5/piggybank_lift,2210,s5,120.0,lift,piggybank
s5/piggybank_pass_1,836,s5,120.0,pass,piggybank
s5/piggybank_use_1,881,s5,120.0,use,piggybank
s5/pyramidlarge_inspect_1,1452,s5,120.0,inspect,pyramidlarge
s5/pyramidlarge_pass_1,850,s5,120.0,pass,pyramidlarge
s5/pyramidmedium_inspect_1,1104,s5,120.0,inspect,pyramidmedium
s5/pyramidmedium_pass_1,998,s5,120.0,pass,pyramidmedium
s5/scissors_pass_1,878,s5,120.0,pass,scissors
s5/spherelarge_inspect_1,1048,s5,120.0,inspect,spherelarge
s5/spherelarge_lift,2184,s5,120.0,lift,spherelarge
s5/spherelarge_pass_1,774,s5,120.0,pass,spherelarge
s5/spheremedium_inspect_1,844,s5,120.0,inspect,spheremedium
s5/spheremedium_lift,2240,s5,120.0,lift,spheremedium
s5/spheremedium_pass_1,768,s5,120.0,pass,spheremedium
s5/spheresmall_inspect_1,746,s5,120.0,inspect,spheresmall
s5/stamp_pass_1,700,s5,120.0,pass,stamp
s5/stamp_stamp_1,836,s5,120.0,stamp,stamp
s5/stanfordbunny_inspect_1,1076,s5,120.0,inspect,stanfordbunny
s5/stanfordbunny_lift,2124,s5,120.0,lift,stanfordbunny
s5/stanfordbunny_pass_1,722,s5,120.0,pass,stanfordbunny
s5/stapler_pass_1,719,s5,120.0,pass,stapler
s5/teapot_pass_1,961,s5,120.0,pass,teapot
s5/toothbrush_brush_1,893,s5,120.0,brush,toothbrush
s5/toothpaste_pass_1,576,s5,120.0,pass,toothpaste
s5/toruslarge_lift,1869,s5,120.0,lift,toruslarge
s5/toruslarge_pass_1,640,s5,120.0,pass,toruslarge
s5/torusmedium_inspect_1,896,s5,120.0,inspect,torusmedium
s5/torusmedium_pass_1,641,s5,120.0,pass,torusmedium
s5/torussmall_inspect_1,1044,s5,120.0,inspect,torussmall
s5/train_lift,2276,s5,120.0,lift,train
s5/train_pass_1,760,s5,120.0,pass,train
s5/train_play_1,864,s5,120.0,play,train
s5/watch_pass_1,764,s5,120.0,pass,watch
s5/waterbottle_lift,1888,s5,120.0,lift,waterbottle
s5/waterbottle_open_1,798,s5,120.0,open,waterbottle
s5/waterbottle_pass_1,646,s5,120.0,pass,waterbottle
s5/waterbottle_shake_1,836,s5,120.0,shake,waterbottle
s5/wineglass_drink_1,748,s5,120.0,drink,wineglass
s5/wineglass_drink_2,812,s5,120.0,drink,wineglass
s5/wineglass_lift,1945,s5,120.0,lift,wineglass
s5/wineglass_pass_1,731,s5,120.0,pass,wineglass
s5/wineglass_toast_1,724,s5,120.0,toast,wineglass
s6/airplane_fly_1,908,s6,120.0,fly,airplane
s6/airplane_lift,2735,s6,120.0,lift,airplane
s6/airplane_pass_1,865,s6,120.0,pass,airplane
s6/alarmclock_lift,2610,s6,120.0,lift,alarmclock
s6/alarmclock_pass_1,842,s6,120.0,pass,alarmclock
s6/alarmclock_see_1,751,s6,120.0,see,alarmclock
s6/apple_eat_1,971,s6,120.0,eat,apple
s6/apple_lift,2346,s6,120.0,lift,apple
s6/apple_offhand_1_Retake,859,s6,120.0,offhand,apple
s6/apple_pass_1,740,s6,120.0,pass,apple
s6/banana_eat_1,1274,s6,120.0,eat,banana
s6/banana_pass_1,780,s6,120.0,pass,banana
s6/banana_peel_1,1038,s6,120.0,peel,banana
s6/banana_peel_2,1076,s6,120.0,peel,banana
s6/binoculars_lift,1774,s6,120.0,lift,binoculars
s6/binoculars_pass_1,891,s6,120.0,pass,binoculars
s6/binoculars_see_1,1292,s6,120.0,see,binoculars
s6/bowl_drink_1,964,s6,120.0,drink,bowl
s6/bowl_drink_1_Retake,996,s6,120.0,drink,bowl
s6/bowl_lift,1986,s6,120.0,lift,bowl
s6/bowl_pass_1,817,s6,120.0,pass,bowl
s6/camera_browse_1,1083,s6,120.0,browse,camera
s6/camera_lift,1870,s6,120.0,lift,camera
s6/camera_pass_1,756,s6,120.0,pass,camera
s6/camera_takepicture_1,1221,s6,120.0,takepicture,camera
s6/camera_takepicture_2,1163,s6,120.0,takepicture,camera
s6/camera_takepicture_3,1043,s6,120.0,takepicture,camera
s6/cubelarge_inspect_1,1236,s6,120.0,inspect,cubelarge
s6/cubelarge_pass_1,940,s6,120.0,pass,cubelarge
s6/cubemedium_inspect_1,993,s6,120.0,inspect,cubemedium
s6/cubemedium_lift,1812,s6,120.0,lift,cubemedium
s6/cubemedium_pass_1,1055,s6,120.0,pass,cubemedium
s6/cubesmall_inspect_1,1017,s6,120.0,inspect,cubesmall
s6/cubesmall_lift,1825,s6,120.0,lift,cubesmall
s6/cubesmall_offhand_1,960,s6,120.0,offhand,cubesmall
s6/cubesmall_pass_1,850,s6,120.0,pass,cubesmall
s6/cup_drink_1,992,s6,120.0,drink,cup
s6/cup_drink_2,1032,s6,120.0,drink,cup
s6/cup_lift,2146,s6,120.0,lift,cup
s6/cup_pass_1,810,s6,120.0,pass,cup
s6/cup_pour_1,915,s6,120.0,pour,cup
s6/cylinderlarge_inspect_1,1153,s6,120.0,inspect,cylinderlarge
s6/cylinderlarge_lift,2492,s6,120.0,lift,cylinderlarge
s6/cylinderlarge_pass_1,940,s6,120.0,pass,cylinderlarge
s6/cylindermedium_inspect_1,937,s6,120.0,inspect,cylindermedium
s6/cylindermedium_lift,1799,s6,120.0,lift,cylindermedium
s6/cylindermedium_pass_1,745,s6,120.0,pass,cylindermedium
s6/cylindersmall_inspect_1,747,s6,120.0,inspect,cylindersmall
s6/cylindersmall_pass_1,778,s6,120.0,pass,cylindersmall
s6/doorknob_lift,1466,s6,120.0,lift,doorknob
s6/doorknob_use_1,1214,s6,120.0,use,doorknob
s6/doorknob_use_2,1032,s6,120.0,use,doorknob
s6/duck_inspect_1,1112,s6,120.0,inspect,duck
s6/duck_lift,2165,s6,120.0,lift,duck
s6/duck_pass_1,777,s6,120.0,pass,duck
s6/elephant_inspect_1,1010,s6,120.0,inspect,elephant
s6/elephant_pass_1,749,s6,120.0,pass,elephant
s6/eyeglasses_clean_1,1518,s6,120.0,clean,eyeglasses
s6/eyeglasses_lift,2476,s6,120.0,lift,eyeglasses
s6/eyeglasses_pass_1,1033,s6,120.0,pass,eyeglasses
s6/eyeglasses_wear_1,1236,s6,120.0,wear,eyeglasses
s6/flashlight_on_1,1288,s6,120.0,switchON,flashlight
s6/flashlight_on_2,1572,s6,120.0,switchON,flashlight
s6/flashlight_pass_1,801,s6,120.0,pass,flashlight
s6/flute_lift,2413,s6,120.0,lift,flute
s6/flute_pass_1,922,s6,120.0,pass,flute
s6/flute_play_1,1691,s6,120.0,play,flute
s6/fryingpan_pass_1,876,s6,120.0,pass,fryingpan
s6/gamecontroller_lift,1714,s6,120.0,lift,gamecontroller
s6/gamecontroller_pass_1,751,s6,120.0,pass,gamecontroller
s6/gamecontroller_play_1,1656,s6,120.0,play,gamecontroller
s6/hammer_lift,2384,s6,120.0,lift,hammer
s6/hammer_pass_1,752,s6,120.0,pass,hammer
s6/hammer_use_1,1007,s6,120.0,use,hammer
s6/hammer_use_2,1013,s6,120.0,use,hammer
s6/hammer_use_3,1157,s6,120.0,use,hammer
s6/hand_inspect_1,1514,s6,120.0,inspect,hand
s6/hand_lift,2542,s6,120.0,lift,hand
s6/hand_pass_1,832,s6,120.0,pass,hand
s6/headphones_pass_1,843,s6,120.0,pass,headphones
s6/headphones_use_1,1025,s6,120.0,use,headphones
s6/knife_lift,1485,s6,120.0,lift,knife
s6/knife_peel_1,1184,s6,120.0,peel,knife
s6/mouse_lift,1990,s6,120.0,lift,mouse
s6/mouse_pass_1,898,s6,120.0,pass,mouse
s6/mug_drink_2,1034,s6,120.0,drink,mug
s6/mug_lift,2321,s6,120.0,lift,mug
s6/mug_pass_1,1130,s6,120.0,pass,mug
s6/mug_toast_1,893,s6,120.0,toast,mug
s6/phone_call_1,1821,s6,120.0,call,phone
s6/phone_lift,1662,s6,120.0,lift,phone
s6/phone_pass_1,843,s6,120.0,pass,phone
s6/piggybank_lift_Retake,2180,s6,120.0,lift,piggybank
s6/piggybank_pass_1,1058,s6,120.0,pass,piggybank
s6/pyramidlarge_inspect_1,1382,s6,120.0,inspect,pyramidlarge
s6/pyramidlarge_lift,2003,s6,120.0,lift,pyramidlarge
s6/pyramidlarge_pass_1,1149,s6,120.0,pass,pyramidlarge
s6/pyramidmedium_inspect_1,1068,s6,120.0,inspect,pyramidmedium
s6/pyramidmedium_pass_1,947,s6,120.0,pass,pyramidmedium
s6/pyramidsmall_inspect_2,1083,s6,120.0,inspect,pyramidsmall
s6/scissors_use_2,1244,s6,120.0,use,scissors
s6/spherelarge_inspect_1,1234,s6,120.0,inspect,spherelarge
s6/spherelarge_lift,2008,s6,120.0,lift,spherelarge
s6/spherelarge_pass_1,822,s6,120.0,pass,spherelarge
s6/spheremedium_inspect_1,949,s6,120.0,inspect,spheremedium
s6/spheremedium_lift,2260,s6,120.0,lift,spheremedium
s6/spheremedium_pass_1,1022,s6,120.0,pass,spheremedium
s6/spheresmall_lift,1771,s6,120.0,lift,spheresmall
s6/spheresmall_pass_1,989,s6,120.0,pass,spheresmall
s6/stamp_lift,2398,s6,120.0,lift,stamp
s6/stamp_pass_1,910,s6,120.0,pass,stamp
s6/stamp_stamp_1,1022,s6,120.0,stamp,stamp
s6/stanfordbunny_inspect_1,1169,s6,120.0,inspect,stanfordbunny
s6/stanfordbunny_pass_1,999,s6,120.0,pass,stanfordbunny
s6/stapler_lift,2151,s6,120.0,lift,stapler
s6/stapler_offhand_1_Retake,1316,s6,120.0,offhand,stapler
s6/stapler_pass_1,802,s6,120.0,pass,stapler
s6/stapler_staple_1,950,s6,120.0,staple,stapler
s6/stapler_staple_1_Retake,1005,s6,120.0,staple,stapler
s6/stapler_staple_2,878,s6,120.0,staple,stapler
s6/teapot_pass_1,1058,s6,120.0,pass,teapot
s6/teapot_pour_1,1381,s6,120.0,pour,teapot
s6/teapot_pour_2,965,s6,120.0,pour,teapot
s6/toothpaste_lift,2389,s6,120.0,lift,toothpaste
s6/toothpaste_pass_1,902,s6,120.0,pass,toothpaste
s6/toothpaste_squeeze_1_Retake,1426,s6,120.0,squeeze,toothpaste
s6/toothpaste_squeeze_2,1674,s6,120.0,squeeze,toothpaste
s6/toruslarge_inspect_1,1189,s6,120.0,inspect,toruslarge
s6/toruslarge_lift,2478,s6,120.0,lift,toruslarge
s6/toruslarge_pass_1,1004,s6,120.0,pass,toruslarge
s6/torusmedium_inspect_1,1153,s6,120.0,inspect,torusmedium
s6/torusmedium_pass_1,968,s6,120.0,pass,torusmedium
s6/torussmall_pass_1,1016,s6,120.0,pass,torussmall
s6/train_pass_1,987,s6,120.0,pass,train
s6/train_play_1,1069,s6,120.0,play,train
s6/watch_pass_1,1104,s6,120.0,pass,watch
s6/watch_set_1,1301,s6,120.0,set,watch
s6/watch_set_2,1367,s6,120.0,set,watch
s6/waterbottle_drink_1,1724,s6,120.0,drink,waterbottle
s6/waterbottle_open_1,976,s6,120.0,open,waterbottle
s6/waterbottle_pass_1,949,s6,120.0,pass,waterbottle
s6/waterbottle_pour_1,1403,s6,120.0,pour,waterbottle
s6/waterbottle_shake_1,1083,s6,120.0,shake,waterbottle
s6/wineglass_drink_1,1094,s6,120.0,drink,wineglass
s6/wineglass_drink_2,1091,s6,120.0,drink,wineglass
s6/wineglass_lift,2103,s6,120.0,lift,wineglass
s6/wineglass_pass_1,969,s6,120.0,pass,wineglass
s6/wineglass_toast_1,919,s6,120.0,toast,wineglass
s7/airplane_lift_Retake,2611,s7,120.0,lift,airplane
s7/airplane_pass_1,836,s7,120.0,pass,airplane
s7/alarmclock_lift,2091,s7,120.0,lift,alarmclock
s7/alarmclock_see_1,606,s7,120.0,see,alarmclock
s7/apple_eat_1,1076,s7,120.0,eat,apple
s7/apple_lift,1921,s7,120.0,lift,apple
s7/apple_pass_1,771,s7,120.0,pass,apple
s7/banana_eat_1,1286,s7,120.0,eat,banana
s7/banana_lift,2731,s7,120.0,lift,banana
s7/banana_pass_1,980,s7,120.0,pass,banana
s7/banana_peel_1,1126,s7,120.0,peel,banana
s7/banana_peel_2,1236,s7,120.0,peel,banana
s7/binoculars_lift,2389,s7,120.0,lift,binoculars
s7/binoculars_pass_1,913,s7,120.0,pass,binoculars
s7/binoculars_see_1,1322,s7,120.0,see,binoculars
s7/bowl_drink_1,1331,s7,120.0,drink,bowl
s7/bowl_pass_1,846,s7,120.0,pass,bowl
s7/camera_browse_1,1099,s7,120.0,browse,camera
s7/camera_pass_1,946,s7,120.0,pass,camera
s7/camera_takepicture_2,1212,s7,120.0,takepicture,camera
s7/camera_takepicture_3,1040,s7,120.0,takepicture,camera
s7/cubelarge_inspect_1,1192,s7,120.0,inspect,cubelarge
s7/cubelarge_lift,3036,s7,120.0,lift,cubelarge
s7/cubelarge_pass_1,1401,s7,120.0,pass,cubelarge
s7/cubemedium_inspect_1,951,s7,120.0,inspect,cubemedium
s7/cubemedium_lift,3575,s7,120.0,lift,cubemedium
s7/cubemedium_pass_1,776,s7,120.0,pass,cubemedium
s7/cubesmall_pass_1,751,s7,120.0,pass,cubesmall
s7/cup_drink_1,1073,s7,120.0,drink,cup
s7/cup_pass_1,917,s7,120.0,pass,cup
s7/cup_pour_1,842,s7,120.0,pour,cup
s7/cylinderlarge_inspect_1,1138,s7,120.0,inspect,cylinderlarge
s7/cylinderlarge_lift,3179,s7,120.0,lift,cylinderlarge
s7/cylinderlarge_pass_1,886,s7,120.0,pass,cylinderlarge
s7/cylindermedium_inspect_1,848,s7,120.0,inspect,cylindermedium
s7/cylindermedium_pass_1,883,s7,120.0,pass,cylindermedium
s7/cylindersmall_inspect_1,889,s7,120.0,inspect,cylindersmall
s7/cylindersmall_pass_1,749,s7,120.0,pass,cylindersmall
s7/doorknob_lift,2498,s7,120.0,lift,doorknob
s7/doorknob_use_1,1174,s7,120.0,use,doorknob
s7/doorknob_use_2,1377,s7,120.0,use,doorknob
s7/duck_inspect_1,978,s7,120.0,inspect,duck
s7/duck_pass_1,826,s7,120.0,pass,duck
s7/elephant_inspect_1,796,s7,120.0,inspect,elephant
s7/elephant_pass_1,706,s7,120.0,pass,elephant
s7/eyeglasses_clean_1,971,s7,120.0,clean,eyeglasses
s7/eyeglasses_lift,2776,s7,120.0,lift,eyeglasses
s7/eyeglasses_pass_1,866,s7,120.0,pass,eyeglasses
s7/eyeglasses_wear_1,1720,s7,120.0,wear,eyeglasses
s7/flashlight_lift,2045,s7,120.0,lift,flashlight
s7/flashlight_on_1,881,s7,120.0,switchON,flashlight
s7/flashlight_on_2,826,s7,120.0,switchON,flashlight
s7/flashlight_pass_1,691,s7,120.0,pass,flashlight
s7/flute_pass_1,660,s7,120.0,pass,flute
s7/fryingpan_cook_1,961,s7,120.0,cook,fryingpan
s7/gamecontroller_lift,2454,s7,120.0,lift,gamecontroller
s7/gamecontroller_pass_1,661,s7,120.0,pass,gamecontroller
s7/gamecontroller_play_1,864,s7,120.0,play,gamecontroller
s7/hammer_lift,2480,s7,120.0,lift,hammer
s7/hammer_pass_1,714,s7,120.0,pass,hammer
s7/hammer_use_1,986,s7,120.0,use,hammer
s7/hammer_use_2,973,s7,120.0,use,hammer
s7/hammer_use_3,975,s7,120.0,use,hammer
s7/hand_inspect_1,1214,s7,120.0,inspect,hand
s7/hand_pass_1,778,s7,120.0,pass,hand
s7/headphones_lift,1955,s7,120.0,lift,headphones
s7/headphones_pass_1,604,s7,120.0,pass,headphones
s7/headphones_use_1,1024,s7,120.0,use,headphones
s7/knife_chop_1,1005,s7,120.0,chop,knife
s7/lightbulb_pass_1,511,s7,120.0,pass,lightbulb
s7/mouse_pass_1,609,s7,120.0,pass,mouse
s7/mouse_use_1,1096,s7,120.0,use,mouse
s7/mug_drink_1,910,s7,120.0,drink,mug
s7/mug_drink_2,1071,s7,120.0,drink,mug
s7/mug_lift,2728,s7,120.0,lift,mug
s7/phone_call_1,1947,s7,120.0,call,phone
s7/phone_pass_1,581,s7,120.0,pass,phone
s7/piggybank_lift,3041,s7,120.0,lift,piggybank
s7/piggybank_pass_1,969,s7,120.0,pass,piggybank
s7/piggybank_use_1,1050,s7,120.0,use,piggybank
s7/pyramidlarge_inspect_1,970,s7,120.0,inspect,pyramidlarge
s7/pyramidlarge_lift,1256,s7,120.0,lift,pyramidlarge
s7/pyramidlarge_pass_1,516,s7,120.0,pass,pyramidlarge
s7/pyramidmedium_inspect_1,677,s7,120.0,inspect,pyramidmedium
s7/pyramidmedium_pass_1,566,s7,120.0,pass,pyramidmedium
s7/pyramidsmall_inspect_1,911,s7,120.0,inspect,pyramidsmall
s7/pyramidsmall_pass_1,551,s7,120.0,pass,pyramidsmall
s7/spherelarge_inspect_1,1064,s7,120.0,inspect,spherelarge
s7/spherelarge_lift,1854,s7,120.0,lift,spherelarge
s7/spherelarge_pass_1,692,s7,120.0,pass,spherelarge
s7/spheremedium_inspect_1,776,s7,120.0,inspect,spheremedium
s7/spheremedium_pass_1,561,s7,120.0,pass,spheremedium
s7/spheresmall_inspect_1,621,s7,120.0,inspect,spheresmall
s7/spheresmall_pass_1,777,s7,120.0,pass,spheresmall
s7/stamp_pass_1,681,s7,120.0,pass,stamp
s7/stamp_stamp_1,821,s7,120.0,stamp,stamp
s7/stanfordbunny_inspect_1,626,s7,120.0,inspect,stanfordbunny
s7/stanfordbunny_lift,2531,s7,120.0,lift,stanfordbunny
s7/stanfordbunny_pass_1,601,s7,120.0,pass,stanfordbunny
s7/stapler_pass_1,685,s7,120.0,pass,stapler
s7/stapler_staple_1,970,s7,120.0,staple,stapler
s7/teapot_pass_1,909,s7,120.0,pass,teapot
s7/toothbrush_pass_1,749,s7,120.0,pass,toothbrush
s7/toruslarge_inspect_1_Retake,621,s7,120.0,inspect,toruslarge
s7/toruslarge_lift,1826,s7,120.0,lift,toruslarge
s7/torussmall_inspect_1,868,s7,120.0,inspect,torussmall
s7/torussmall_pass_1,840,s7,120.0,pass,torussmall
s7/train_lift,2568,s7,120.0,lift,train
s7/train_pass_1,837,s7,120.0,pass,train
s7/train_play_1,950,s7,120.0,play,train
s7/watch_pass_1,810,s7,120.0,pass,watch
s7/waterbottle_drink_1,1059,s7,120.0,drink,waterbottle
s7/waterbottle_open_1_Retake,983,s7,120.0,open,waterbottle
s7/waterbottle_pass_1,783,s7,120.0,pass,waterbottle
s7/waterbottle_shake_1,850,s7,120.0,shake,waterbottle
s7/wineglass_drink_1,1032,s7,120.0,drink,wineglass
s7/wineglass_drink_2,964,s7,120.0,drink,wineglass
s7/wineglass_lift,2463,s7,120.0,lift,wineglass
s7/wineglass_pass_1,902,s7,120.0,pass,wineglass
s7/wineglass_toast_1,1158,s7,120.0,toast,wineglass
s8/airplane_fly_1,836,s8,120.0,fly,airplane
s8/airplane_pass_1,892,s8,120.0,pass,airplane
s8/alarmclock_lift,2496,s8,120.0,lift,alarmclock
s8/alarmclock_pass_1,952,s8,120.0,pass,alarmclock
s8/alarmclock_see_1,852,s8,120.0,see,alarmclock
s8/apple_eat_1,1068,s8,120.0,eat,apple
s8/apple_lift,1768,s8,120.0,lift,apple
s8/apple_pass_1,820,s8,120.0,pass,apple
s8/banana_eat_1,1584,s8,120.0,eat,banana
s8/banana_lift,2348,s8,120.0,lift,banana
s8/banana_pass_1,868,s8,120.0,pass,banana
s8/banana_peel_1,1176,s8,120.0,peel,banana
s8/banana_peel_2,1280,s8,120.0,peel,banana
s8/binoculars_pass_1,916,s8,120.0,pass,binoculars
s8/binoculars_see_1,1360,s8,120.0,see,binoculars
s8/bowl_drink_1,1080,s8,120.0,drink,bowl
s8/bowl_drink_2,1000,s8,120.0,drink,bowl
s8/bowl_lift,2428,s8,120.0,lift,bowl
s8/bowl_offhand_1,1012,s8,120.0,offhand,bowl
s8/bowl_pass_1,784,s8,120.0,pass,bowl
s8/camera_browse_1,1216,s8,120.0,browse,camera
s8/camera_offhand_1,1188,s8,120.0,offhand,camera
s8/camera_pass_1,788,s8,120.0,pass,camera
s8/camera_takepicture_2,1064,s8,120.0,takepicture,camera
s8/camera_takepicture_3,1212,s8,120.0,takepicture,camera
s8/cubelarge_inspect_1,1024,s8,120.0,inspect,cubelarge
s8/cubelarge_lift,2460,s8,120.0,lift,cubelarge
s8/cubelarge_offhand_1,1208,s8,120.0,offhand,cubelarge
s8/cubelarge_pass_1,984,s8,120.0,pass,cubelarge
s8/cubemedium_inspect_1,800,s8,120.0,inspect,cubemedium
s8/cubemedium_lift,1944,s8,120.0,lift,cubemedium
s8/cubemedium_offhand_1,1060,s8,120.0,offhand,cubemedium
s8/cubemedium_pass_1,824,s8,120.0,pass,cubemedium
s8/cubesmall_inspect_1,880,s8,120.0,inspect,cubesmall
s8/cubesmall_lift,1680,s8,120.0,lift,cubesmall
s8/cubesmall_offhand_1,1192,s8,120.0,offhand,cubesmall
s8/cubesmall_pass_1,892,s8,120.0,pass,cubesmall
s8/cup_drink_1,916,s8,120.0,drink,cup
s8/cup_lift,1896,s8,120.0,lift,cup
s8/cup_offhand_1,1112,s8,120.0,offhand,cup
s8/cup_pass_1,844,s8,120.0,pass,cup
s8/cup_pour_1,968,s8,120.0,pour,cup
s8/cylinderlarge_inspect_1,1064,s8,120.0,inspect,cylinderlarge
s8/cylinderlarge_lift,2380,s8,120.0,lift,cylinderlarge
s8/cylinderlarge_offhand_1,1084,s8,120.0,offhand,cylinderlarge
s8/cylinderlarge_pass_1,948,s8,120.0,pass,cylinderlarge
s8/cylindermedium_inspect_1,844,s8,120.0,inspect,cylindermedium
s8/cylindermedium_lift,1968,s8,120.0,lift,cylindermedium
s8/cylindermedium_pass_1,896,s8,120.0,pass,cylindermedium
s8/cylindersmall_inspect_1,1168,s8,120.0,inspect,cylindersmall
s8/cylindersmall_lift,1900,s8,120.0,lift,cylindersmall
s8/doorknob_lift,1892,s8,120.0,lift,doorknob
s8/doorknob_use_1,1452,s8,120.0,use,doorknob
s8/doorknob_use_2,1208,s8,120.0,use,doorknob
s8/duck_inspect_1,1044,s8,120.0,inspect,duck
s8/duck_lift,2052,s8,120.0,lift,duck
s8/duck_pass_1,1032,s8,120.0,pass,duck
s8/elephant_inspect_1,1144,s8,120.0,inspect,elephant
s8/elephant_lift,2528,s8,120.0,lift,elephant
s8/elephant_pass_1,948,s8,120.0,pass,elephant
s8/eyeglasses_pass_1,1068,s8,120.0,pass,eyeglasses
s8/eyeglasses_wear_1,1656,s8,120.0,wear,eyeglasses
s8/flashlight_offhand_1,1328,s8,120.0,offhand,flashlight
s8/flashlight_on_1,1336,s8,120.0,switchON,flashlight
s8/flashlight_on_2,1384,s8,120.0,switchON,flashlight
s8/flashlight_pass_1,852,s8,120.0,pass,flashlight
s8/flute_pass_1,1248,s8,120.0,pass,flute
s8/flute_play_1,1680,s8,120.0,play,flute
s8/fryingpan_cook_1,1060,s8,120.0,cook,fryingpan
s8/fryingpan_cook_2,956,s8,120.0,cook,fryingpan
s8/fryingpan_cook_3,1416,s8,120.0,cook,fryingpan
s8/fryingpan_lift,2512,s8,120.0,lift,fryingpan
s8/fryingpan_offhand_1,1284,s8,120.0,offhand,fryingpan
s8/fryingpan_pass_1,1020,s8,120.0,pass,fryingpan
s8/gamecontroller_lift,1708,s8,120.0,lift,gamecontroller
s8/gamecontroller_pass_1,920,s8,120.0,pass,gamecontroller
s8/gamecontroller_play_1,1304,s8,120.0,play,gamecontroller
s8/hammer_lift,2852,s8,120.0,lift,hammer
s8/hammer_pass_1,940,s8,120.0,pass,hammer
s8/hammer_use_1,1268,s8,120.0,use,hammer
s8/hammer_use_2,1312,s8,120.0,use,hammer
s8/hammer_use_3,1092,s8,120.0,use,hammer
s8/hand_inspect_1,1164,s8,120.0,inspect,hand
s8/hand_lift,2092,s8,120.0,lift,hand
s8/hand_pass_1,1152,s8,120.0,pass,hand
s8/headphones_lift,2688,s8,120.0,lift,headphones
s8/headphones_pass_1,804,s8,120.0,pass,headphones
s8/knife_chop_1,1040,s8,120.0,chop,knife
s8/knife_pass_1,1120,s8,120.0,pass,knife
s8/knife_peel_1,1184,s8,120.0,peel,knife
s8/lightbulb_pass_1,996,s8,120.0,pass,lightbulb
s8/mouse_lift,1572,s8,120.0,lift,mouse
s8/mouse_pass_1,688,s8,120.0,pass,mouse
s8/mouse_use_1,884,s8,120.0,use,mouse
s8/mug_drink_1,880,s8,120.0,drink,mug
s8/mug_drink_2,1052,s8,120.0,drink,mug
s8/mug_lift,1836,s8,120.0,lift,mug
s8/mug_offhand_1,1088,s8,120.0,offhand,mug
s8/mug_pass_1,980,s8,120.0,pass,mug
s8/mug_toast_1,812,s8,120.0,toast,mug
s8/phone_call_1,1724,s8,120.0,call,phone
s8/phone_lift,2128,s8,120.0,lift,phone
s8/phone_offhand_1,1340,s8,120.0,offhand,phone
s8/phone_pass_1,736,s8,120.0,pass,phone
s8/piggybank_lift,2120,s8,120.0,lift,piggybank
s8/piggybank_pass_1,844,s8,120.0,pass,piggybank
s8/piggybank_use_1,1024,s8,120.0,use,piggybank
s8/pyramidlarge_inspect_1,988,s8,120.0,inspect,pyramidlarge
s8/pyramidlarge_pass_1,888,s8,120.0,pass,pyramidlarge
s8/pyramidmedium_inspect_1,1104,s8,120.0,inspect,pyramidmedium
s8/pyramidmedium_pass_1,996,s8,120.0,pass,pyramidmedium
s8/scissors_pass_1,760,s8,120.0,pass,scissors
s8/spherelarge_inspect_1,1016,s8,120.0,inspect,spherelarge
s8/spherelarge_lift,1908,s8,120.0,lift,spherelarge
s8/spherelarge_pass_1,812,s8,120.0,pass,spherelarge
s8/spheremedium_lift,1984,s8,120.0,lift,spheremedium
s8/spheremedium_pass_1,940,s8,120.0,pass,spheremedium
s8/spheresmall_inspect_1,1144,s8,120.0,inspect,spheresmall
s8/spheresmall_lift,1840,s8,120.0,lift,spheresmall
s8/spheresmall_pass_1,1028,s8,120.0,pass,spheresmall
s8/stamp_lift,1912,s8,120.0,lift,stamp
s8/stamp_pass_1,896,s8,120.0,pass,stamp
s8/stamp_stamp_1,1104,s8,120.0,stamp,stamp
s8/stanfordbunny_inspect_1,1036,s8,120.0,inspect,stanfordbunny
s8/stanfordbunny_lift,2012,s8,120.0,lift,stanfordbunny
s8/stanfordbunny_pass_1,932,s8,120.0,pass,stanfordbunny
s8/stapler_lift,2300,s8,120.0,lift,stapler
s8/stapler_pass_1,864,s8,120.0,pass,stapler
s8/stapler_staple_1,828,s8,120.0,staple,stapler
s8/stapler_staple_2,1040,s8,120.0,staple,stapler
s8/teapot_lift,1996,s8,120.0,lift,teapot
s8/teapot_pass_1,1016,s8,120.0,pass,teapot
s8/teapot_pour_1,1316,s8,120.0,pour,teapot
s8/teapot_pour_2,952,s8,120.0,pour,teapot
s8/toothbrush_brush_1,1376,s8,120.0,brush,toothbrush
s8/toothbrush_pass_1,924,s8,120.0,pass,toothbrush
s8/toothpaste_lift,2316,s8,120.0,lift,toothpaste
s8/toothpaste_pass_1,876,s8,120.0,pass,toothpaste
s8/toothpaste_squeeze_1,1300,s8,120.0,squeeze,toothpaste
s8/toothpaste_squeeze_2,1200,s8,120.0,squeeze,toothpaste
s8/toruslarge_inspect_1,952,s8,120.0,inspect,toruslarge
s8/toruslarge_lift,2052,s8,120.0,lift,toruslarge
s8/toruslarge_pass_1,848,s8,120.0,pass,toruslarge
s8/torusmedium_inspect_1,1052,s8,120.0,inspect,torusmedium
s8/torusmedium_lift,2268,s8,120.0,lift,torusmedium
s8/torusmedium_pass_1,872,s8,120.0,pass,torusmedium
s8/torussmall_inspect_1,1076,s8,120.0,inspect,torussmall
s8/torussmall_pass_1,1032,s8,120.0,pass,torussmall
s8/train_lift,2788,s8,120.0,lift,train
s8/train_pass_1,872,s8,120.0,pass,train
s8/train_play_1,1072,s8,120.0,play,train
s8/watch_lift,2440,s8,120.0,lift,watch
s8/watch_pass_1,924,s8,120.0,pass,watch
s8/watch_set_2,1136,s8,120.0,set,watch
s8/waterbottle_drink_1,1160,s8,120.0,drink,waterbottle
s8/waterbottle_lift,2008,s8,120.0,lift,waterbottle
s8/waterbottle_pass_1,788,s8,120.0,pass,waterbottle
s8/wineglass_drink_1,1028,s8,120.0,drink,wineglass
s8/wineglass_drink_2,1244,s8,120.0,drink,wineglass
s8/wineglass_lift,2276,s8,120.0,lift,wineglass
s8/wineglass_pass_1,980,s8,120.0,pass,wineglass
s8/wineglass_toast_1,836,s8,120.0,toast,wineglass
s9/airplane_fly_1,901,s9,120.0,fly,airplane
s9/airplane_lift,1951,s9,120.0,lift,airplane
s9/airplane_pass_1,640,s9,120.0,pass,airplane
s9/alarmclock_lift,2151,s9,120.0,lift,alarmclock
s9/alarmclock_pass_1,641,s9,120.0,pass,alarmclock
s9/alarmclock_see_1,811,s9,120.0,see,alarmclock
s9/apple_eat_1,716,s9,120.0,eat,apple
s9/apple_lift,2751,s9,120.0,lift,apple
s9/apple_pass_1,636,s9,120.0,pass,apple
s9/banana_eat_1,1266,s9,120.0,eat,banana
s9/banana_lift,3376,s9,120.0,lift,banana
s9/banana_pass_1,756,s9,120.0,pass,banana
s9/banana_peel_1,1160,s9,120.0,peel,banana
s9/banana_peel_2,1100,s9,120.0,peel,banana
s9/binoculars_pass_1,848,s9,120.0,pass,binoculars
s9/bowl_drink_1,1020,s9,120.0,drink,bowl
s9/bowl_drink_2,972,s9,120.0,drink,bowl
s9/bowl_lift,4460,s9,120.0,lift,bowl
s9/bowl_pass_1,812,s9,120.0,pass,bowl
s9/camera_browse_1,1361,s9,120.0,browse,camera
s9/camera_lift,2440,s9,120.0,lift,camera
s9/camera_pass_1,576,s9,120.0,pass,camera
s9/camera_takepicture_1,1372,s9,120.0,takepicture,camera
s9/cubelarge_inspect_1,961,s9,120.0,inspect,cubelarge
s9/cubelarge_lift,1976,s9,120.0,lift,cubelarge
s9/cubelarge_pass_1,491,s9,120.0,pass,cubelarge
s9/cubemedium_inspect_1,596,s9,120.0,inspect,cubemedium
s9/cubemedium_lift,2521,s9,120.0,lift,cubemedium
s9/cubemedium_pass_1,536,s9,120.0,pass,cubemedium
s9/cubesmall_inspect_1,561,s9,120.0,inspect,cubesmall
s9/cubesmall_pass_1,621,s9,120.0,pass,cubesmall
s9/cup_drink_1,741,s9,120.0,drink,cup
s9/cup_lift,2106,s9,120.0,lift,cup
s9/cup_pass_1,491,s9,120.0,pass,cup
s9/cylinderlarge_inspect_1,606,s9,120.0,inspect,cylinderlarge
s9/cylinderlarge_lift,1691,s9,120.0,lift,cylinderlarge
s9/cylinderlarge_pass_1,601,s9,120.0,pass,cylinderlarge
s9/cylindermedium_inspect_1,661,s9,120.0,inspect,cylindermedium
s9/cylindermedium_lift,2011,s9,120.0,lift,cylindermedium
s9/cylindermedium_pass_1,501,s9,120.0,pass,cylindermedium
s9/cylindersmall_inspect_1,660,s9,120.0,inspect,cylindersmall
s9/cylindersmall_pass_1,684,s9,120.0,pass,cylindersmall
s9/doorknob_lift,1075,s9,120.0,lift,doorknob
s9/doorknob_use_2,651,s9,120.0,use,doorknob
s9/duck_inspect_1,591,s9,120.0,inspect,duck
s9/duck_lift,2090,s9,120.0,lift,duck
s9/duck_pass_1,551,s9,120.0,pass,duck
s9/elephant_inspect_1,621,s9,120.0,inspect,elephant
s9/elephant_lift,2210,s9,120.0,lift,elephant
s9/elephant_pass_1,536,s9,120.0,pass,elephant
s9/eyeglasses_clean_1,1560,s9,120.0,clean,eyeglasses
s9/eyeglasses_lift,2252,s9,120.0,lift,eyeglasses
s9/eyeglasses_pass_1,692,s9,120.0,pass,eyeglasses
s9/eyeglasses_wear_1,1180,s9,120.0,wear,eyeglasses
s9/flashlight_lift,1560,s9,120.0,lift,flashlight
s9/flashlight_on_1,1044,s9,120.0,switchON,flashlight
s9/flashlight_pass_1,728,s9,120.0,pass,flashlight
s9/flute_pass_1,664,s9,120.0,pass,flute
s9/flute_play_1,948,s9,120.0,play,flute
s9/gamecontroller_pass_1,656,s9,120.0,pass,gamecontroller
s9/gamecontroller_play_1,1076,s9,120.0,play,gamecontroller
s9/hammer_pass_1,600,s9,120.0,pass,hammer
s9/hammer_use_1,900,s9,120.0,use,hammer
s9/hammer_use_2,704,s9,120.0,use,hammer
s9/hammer_use_3,932,s9,120.0,use,hammer
s9/hand_inspect_1,872,s9,120.0,inspect,hand
s9/hand_pass_1,720,s9,120.0,pass,hand
s9/hand_shake_1,860,s9,120.0,shake,hand
s9/headphones_use_1,661,s9,120.0,use,headphones
s9/knife_pass_1,636,s9,120.0,pass,knife
s9/lightbulb_pass_1,526,s9,120.0,pass,lightbulb
s9/lightbulb_screw_1,776,s9,120.0,screw,lightbulb
s9/mouse_lift,2636,s9,120.0,lift,mouse
s9/mouse_pass_1,551,s9,120.0,pass,mouse
s9/mouse_use_1,1111,s9,120.0,use,mouse
s9/mug_drink_2,1092,s9,120.0,drink,mug
s9/mug_pass_1,912,s9,120.0,pass,mug
s9/phone_pass_1,688,s9,120.0,pass,phone
s9/piggybank_lift_Retake,2820,s9,120.0,lift,piggybank
s9/piggybank_pass_1,611,s9,120.0,pass,piggybank
s9/piggybank_use_1,1091,s9,120.0,use,piggybank
s9/pyramidlarge_inspect_1,801,s9,120.0,inspect,pyramidlarge
s9/pyramidlarge_pass_1,626,s9,120.0,pass,pyramidlarge
s9/pyramidmedium_inspect_1,615,s9,120.0,inspect,pyramidmedium
s9/pyramidmedium_lift_Retake,2481,s9,120.0,lift,pyramidmedium
s9/pyramidmedium_pass_1,601,s9,120.0,pass,pyramidmedium
s9/spherelarge_inspect_1,824,s9,120.0,inspect,spherelarge
s9/spherelarge_pass_1,796,s9,120.0,pass,spherelarge
s9/spheremedium_inspect_1,832,s9,120.0,inspect,spheremedium
s9/spheremedium_pass_1,748,s9,120.0,pass,spheremedium
s9/spheresmall_inspect_1,680,s9,120.0,inspect,spheresmall
s9/spheresmall_pass_1,760,s9,120.0,pass,spheresmall
s9/stamp_lift,2876,s9,120.0,lift,stamp
s9/stamp_pass_1,640,s9,120.0,pass,stamp
s9/stamp_stamp_1,980,s9,120.0,stamp,stamp
s9/stanfordbunny_inspect_1,972,s9,120.0,inspect,stanfordbunny
s9/stanfordbunny_pass_1,784,s9,120.0,pass,stanfordbunny
s9/stapler_lift,2652,s9,120.0,lift,stapler
s9/stapler_pass_1,752,s9,120.0,pass,stapler
s9/stapler_staple_2,856,s9,120.0,staple,stapler
s9/teapot_pass_1,801,s9,120.0,pass,teapot
s9/teapot_pour_2,761,s9,120.0,pour,teapot
s9/toothbrush_pass_1,816,s9,120.0,pass,toothbrush
s9/toothpaste_lift,2308,s9,120.0,lift,toothpaste
s9/toothpaste_pass_1,688,s9,120.0,pass,toothpaste
s9/toothpaste_squeeze_1,1020,s9,120.0,squeeze,toothpaste
s9/toruslarge_inspect_1,641,s9,120.0,inspect,toruslarge
s9/torusmedium_inspect_1,651,s9,120.0,inspect,torusmedium
s9/torusmedium_pass_1,541,s9,120.0,pass,torusmedium
s9/torussmall_inspect_1,601,s9,120.0,inspect,torussmall
s9/torussmall_lift,2511,s9,120.0,lift,torussmall
s9/torussmall_pass_1,556,s9,120.0,pass,torussmall
s9/watch_pass_1,1104,s9,120.0,pass,watch
s9/watch_set_1,944,s9,120.0,set,watch
s9/watch_set_2,1112,s9,120.0,set,watch
s9/waterbottle_drink_1,1040,s9,120.0,drink,waterbottle
s9/waterbottle_lift,2052,s9,120.0,lift,waterbottle
s9/waterbottle_open_1,764,s9,120.0,open,waterbottle
s9/waterbottle_pass_1,656,s9,120.0,pass,waterbottle
s9/waterbottle_pour_1,928,s9,120.0,pour,waterbottle
s9/waterbottle_shake_1,820,s9,120.0,shake,waterbottle
s9/wineglass_drink_1,948,s9,120.0,drink,wineglass
s9/wineglass_drink_2,1128,s9,120.0,drink,wineglass
s9/wineglass_pass_1,800,s9,120.0,pass,wineglass
s9/wineglass_toast_1_Retake,788,s9,120.0,toast,wineglass
